,ds,trend,yhat_lower,yhat_upper,trend_lower,trend_upper,additive_terms,additive_terms_lower,additive_terms_upper,yearly,yearly_lower,yearly_upper,multiplicative_terms,multiplicative_terms_lower,multiplicative_terms_upper,yhat
0,1949-01-01,106.662426,55.066050231702484,114.82943781610264,106.662426,106.662426,-21.848267030253158,-21.848267030253158,-21.848267030253158,-21.848267030253158,-21.848267030253158,-21.848267030253158,0.0,0.0,0.0,84.81415896974684
1,1949-02-01,108.83545246047794,48.13228939695935,106.57284344962976,108.83545246047794,108.83545246047794,-30.607521655361356,-30.607521655361356,-30.607521655361356,-30.607521655361356,-30.607521655361356,-30.607521655361356,0.0,0.0,0.0,78.22793080511659
2,1949-03-01,110.79818603768382,82.90650928164061,140.23549789775657,110.79818603768382,110.79818603768382,-0.4559487663350242,-0.4559487663350242,-0.4559487663350242,-0.4559487663350242,-0.4559487663350242,-0.4559487663350242,0.0,0.0,0.0,110.3422372713488
3,1949-04-01,112.97121249816176,79.59099714120066,137.0274356838196,112.97121249816176,112.97121249816176,-5.160494229940494,-5.160494229940494,-5.160494229940494,-5.160494229940494,-5.160494229940494,-5.160494229940494,0.0,0.0,0.0,107.81071826822127
4,1949-05-01,115.07414133088236,82.90805544624304,140.1005058020285,115.07414133088236,115.07414133088236,-3.8078865703774287,-3.8078865703774287,-3.8078865703774287,-3.8078865703774287,-3.8078865703774287,-3.8078865703774287,0.0,0.0,0.0,111.26625476050492
5,1949-06-01,117.24716779136028,122.35918687546899,179.93387008212127,117.24716779136028,117.24716779136028,33.99178455901443,33.99178455901443,33.99178455901443,33.99178455901443,33.99178455901443,33.99178455901443,0.0,0.0,0.0,151.23895235037472
6,1949-07-01,119.35009660788539,161.00654164767062,220.73094298173763,119.35009660788539,119.35009660788539,70.6531394897773,70.6531394897773,70.6531394897773,70.6531394897773,70.6531394897773,70.6531394897773,0.0,0.0,0.0,190.0032360976627
7,1949-08-01,121.52312305162802,159.9955976290647,219.5025097699952,121.52312305162802,121.52312305162802,67.95855495670412,67.95855495670412,67.95855495670412,67.95855495670412,67.95855495670412,67.95855495670412,0.0,0.0,0.0,189.48167800833215
8,1949-09-01,123.69614949537062,112.30918186490302,166.0408878231037,123.69614949537062,123.69614949537062,16.326792575430158,16.326792575430158,16.326792575430158,16.326792575430158,16.326792575430158,16.326792575430158,0.0,0.0,0.0,140.02294207080078
9,1949-10-01,125.79907831189571,73.38716168581557,133.8050886805061,125.79907831189571,125.79907831189571,-21.94425276295942,-21.94425276295942,-21.94425276295942,-21.94425276295942,-21.94425276295942,-21.94425276295942,0.0,0.0,0.0,103.85482554893629
10,1949-11-01,127.97210480465723,39.48454380760752,96.93493803708972,127.97210480465723,127.97210480465723,-58.887314677685175,-58.887314677685175,-58.887314677685175,-58.887314677685175,-58.887314677685175,-58.887314677685175,0.0,0.0,0.0,69.08479012697205
11,1949-12-01,130.07503366862,69.0690762105495,127.30067038264298,130.07503366862,130.07503366862,-32.482382130877085,-32.482382130877085,-32.482382130877085,-32.482382130877085,-32.482382130877085,-32.482382130877085,0.0,0.0,0.0,97.59265153774291
12,1950-01-01,132.2480601613815,81.58017494216178,137.89657861486523,132.2480601613815,132.2480601613815,-22.678866400000118,-22.678866400000118,-22.678866400000118,-22.678866400000118,-22.678866400000118,-22.678866400000118,0.0,0.0,0.0,109.56919376138137
13,1950-02-01,134.421086654143,73.19092361945465,132.1205069774341,134.421086654143,134.421086654143,-31.948954720827516,-31.948954720827516,-31.948954720827516,-31.948954720827516,-31.948954720827516,-31.948954720827516,0.0,0.0,0.0,102.4721319333155
14,1950-03-01,136.38382026050823,106.49250143913207,166.1745212841655,136.38382026050823,136.38382026050823,0.7993127336133201,0.7993127336133201,0.7993127336133201,0.7993127336133201,0.7993127336133201,0.7993127336133201,0.0,0.0,0.0,137.18313299412156
15,1950-04-01,138.55684678202138,100.70156362585179,159.60674698109426,138.55684678202138,138.55684678202138,-6.053802948213755,-6.053802948213755,-6.053802948213755,-6.053802948213755,-6.053802948213755,-6.053802948213755,0.0,0.0,0.0,132.50304383380762
16,1950-05-01,140.6597756738083,110.27883362846799,165.04484526020798,140.6597756738083,140.6597756738083,-3.138414674180687,-3.138414674180687,-3.138414674180687,-3.138414674180687,-3.138414674180687,-3.138414674180687,0.0,0.0,0.0,137.5213609996276
17,1950-06-01,142.83280219532142,146.6515940545455,204.85375126533592,142.83280219532142,142.83280219532142,33.347839311347194,33.347839311347194,33.347839311347194,33.347839311347194,33.347839311347194,33.347839311347194,0.0,0.0,0.0,176.18064150666862
18,1950-07-01,144.93573108710834,187.48268698477912,243.91765618090736,144.93573108710834,144.93573108710834,70.88358918974978,70.88358918974978,70.88358918974978,70.88358918974978,70.88358918974978,70.88358918974978,0.0,0.0,0.0,215.81932027685812
19,1950-08-01,147.10875760878457,187.8125512642945,244.51243234950468,147.10875760878457,147.10875760878457,67.69401034161022,67.69401034161022,67.69401034161022,67.69401034161022,67.69401034161022,67.69401034161022,0.0,0.0,0.0,214.8027679503948
20,1950-09-01,149.28178413046084,137.81368534991955,195.45485005715642,149.28178413046084,149.28178413046084,16.558036595806463,16.558036595806463,16.558036595806463,16.558036595806463,16.558036595806463,16.558036595806463,0.0,0.0,0.0,165.8398207262673
21,1950-10-01,151.38471302240558,99.52469089808791,157.58316880583942,151.38471302240558,151.38471302240558,-22.12204051136114,-22.12204051136114,-22.12204051136114,-22.12204051136114,-22.12204051136114,-22.12204051136114,0.0,0.0,0.0,129.26267251104443
22,1950-11-01,153.5577395440818,67.52872868267097,125.19484412432581,153.5577395440818,153.5577395440818,-58.13193125239931,-58.13193125239931,-58.13193125239931,-58.13193125239931,-58.13193125239931,-58.13193125239931,0.0,0.0,0.0,95.4258082916825
23,1950-12-01,155.66066843602655,96.15954737733195,153.38667737689104,155.66066843602655,155.66066843602655,-31.58197749632938,-31.58197749632938,-31.58197749632938,-31.58197749632938,-31.58197749632938,-31.58197749632938,0.0,0.0,0.0,124.07869093969717
24,1951-01-01,157.83369497602834,106.56587800855445,165.0772055682608,157.83369497602834,157.83369497602834,-23.544817908204234,-23.544817908204234,-23.544817908204234,-23.544817908204234,-23.544817908204234,-23.544817908204234,0.0,0.0,0.0,134.2888770678241
25,1951-02-01,160.0067215160301,96.15609788677007,156.32777809787666,160.0067215160301,160.0067215160301,-33.26522332275019,-33.26522332275019,-33.26522332275019,-33.26522332275019,-33.26522332275019,-33.26522332275019,0.0,0.0,0.0,126.74149819327991
26,1951-03-01,161.96945516506395,134.93071748904126,190.51605940170975,161.96945516506395,161.96945516506395,2.0538159108954095,2.0538159108954095,2.0538159108954095,2.0538159108954095,2.0538159108954095,2.0538159108954095,0.0,0.0,0.0,164.02327107595937
27,1951-04-01,164.1424817050657,126.72920881138012,184.81230223469314,164.1424817050657,164.1424817050657,-6.94916828354493,-6.94916828354493,-6.94916828354493,-6.94916828354493,-6.94916828354493,-6.94916828354493,0.0,0.0,0.0,157.19331342152077
28,1951-05-01,166.24541061659392,133.939301669614,191.6348570592531,166.24541061659392,166.24541061659392,-2.4607610032725287,-2.4607610032725287,-2.4607610032725287,-2.4607610032725287,-2.4607610032725287,-2.4607610032725287,0.0,0.0,0.0,163.7846496133214
29,1951-06-01,168.41843715850638,172.7100139351979,228.5979572725369,168.41843715850638,168.41843715850638,32.69723884311284,32.69723884311284,32.69723884311284,32.69723884311284,32.69723884311284,32.69723884311284,0.0,0.0,0.0,201.11567600161922
30,1951-07-01,170.52136607003453,211.7456113437243,269.4894100086136,170.52136607003453,170.52136607003453,71.10213603137167,71.10213603137167,71.10213603137167,71.10213603137167,71.10213603137167,71.10213603137167,0.0,0.0,0.0,241.6235021014062
31,1951-08-01,172.694392611947,211.0349936738327,270.2783704962227,172.694392611947,172.694392611947,67.41603121358786,67.41603121358786,67.41603121358786,67.41603121358786,67.41603121358786,67.41603121358786,0.0,0.0,0.0,240.11042382553484
32,1951-09-01,174.86741915385943,163.3738961288522,220.6498719820908,174.86741915385943,174.86741915385943,16.79493168276064,16.79493168276064,16.79493168276064,16.79493168276064,16.79493168276064,16.79493168276064,0.0,0.0,0.0,191.66235083662008
33,1951-10-01,176.97034807129322,123.18657204475672,183.00655886242063,176.97034807129322,176.97034807129322,-22.28159791536875,-22.28159791536875,-22.28159791536875,-22.28159791536875,-22.28159791536875,-22.28159791536875,0.0,0.0,0.0,154.68875015592448
34,1951-11-01,179.14337461930805,93.95044606119258,151.04208753398817,179.14337461930805,179.14337461930805,-57.34938929377226,-57.34938929377226,-57.34938929377226,-57.34938929377226,-57.34938929377226,-57.34938929377226,0.0,0.0,0.0,121.79398532553579
35,1951-12-01,181.2463035367418,118.82973169776628,179.56560320048135,181.2463035367418,181.2463035367418,-30.711947185918476,-30.711947185918476,-30.711947185918476,-30.711947185918476,-30.711947185918476,-30.711947185918476,0.0,0.0,0.0,150.53435635082332
36,1952-01-01,183.41933008475667,130.2421277486016,187.46434759950787,183.41933008475667,183.41933008475667,-24.445046396828968,-24.445046396828968,-24.445046396828968,-24.445046396828968,-24.445046396828968,-24.445046396828968,0.0,0.0,0.0,158.9742836879277
37,1952-02-01,185.59235664668793,120.29160520251776,179.7414275516834,185.59235664668793,185.59235664668793,-34.55492532815227,-34.55492532815227,-34.55492532815227,-34.55492532815227,-34.55492532815227,-34.55492532815227,0.0,0.0,0.0,151.03743131853565
38,1952-03-01,187.62518794655915,155.9024513780843,213.39712757061864,187.62518794655915,187.62518794655915,-1.7108037451961966,-1.7108037451961966,-1.7108037451961966,-1.7108037451961966,-1.7108037451961966,-1.7108037451961966,0.0,0.0,0.0,185.91438420136296
39,1952-04-01,189.79821450849042,157.45736226989203,214.17064601903613,189.79821450849042,189.79821450849042,-4.269756698083084,-4.269756698083084,-4.269756698083084,-4.269756698083084,-4.269756698083084,-4.269756698083084,0.0,0.0,0.0,185.52845781040733
40,1952-05-01,191.90114343939166,157.34534370370645,216.3570639862987,191.90114343939166,191.90114343939166,-4.4684678500591675,-4.4684678500591675,-4.4684678500591675,-4.4684678500591675,-4.4684678500591675,-4.4684678500591675,0.0,0.0,0.0,187.4326755893325
41,1952-06-01,194.07417000132293,198.9727565261971,256.77093635333193,194.07417000132293,194.07417000132293,34.62907515023786,34.62907515023786,34.62907515023786,34.62907515023786,34.62907515023786,34.62907515023786,0.0,0.0,0.0,228.7032451515608
42,1952-07-01,196.1770989235272,237.86274213441467,297.31499344706316,196.1770989235272,196.1770989235272,70.41103035763689,70.41103035763689,70.41103035763689,70.41103035763689,70.41103035763689,70.41103035763689,0.0,0.0,0.0,266.58812928116413
43,1952-08-01,198.35012547647167,236.43990460353965,293.48885634920424,198.35012547647167,198.35012547647167,68.20906945047568,68.20906945047568,68.20906945047568,68.20906945047568,68.20906945047568,68.20906945047568,0.0,0.0,0.0,266.5591949269474
44,1952-09-01,200.52315202941614,189.8516746883108,245.54248776211975,200.52315202941614,200.52315202941614,16.100698705950187,16.100698705950187,16.100698705950187,16.100698705950187,16.100698705950187,16.100698705950187,0.0,0.0,0.0,216.62385073536632
45,1952-10-01,202.62608095162042,152.65086728930615,210.32563549633895,202.62608095162042,202.62608095162042,-21.74864092967942,-21.74864092967942,-21.74864092967942,-21.74864092967942,-21.74864092967942,-21.74864092967942,0.0,0.0,0.0,180.877440021941
46,1952-11-01,204.7991075045649,114.6219315024201,173.3704974474048,204.7991075045649,204.7991075045649,-59.61449491202444,-59.61449491202444,-59.61449491202444,-59.61449491202444,-59.61449491202444,-59.61449491202444,0.0,0.0,0.0,145.18461259254045
47,1952-12-01,206.90203642780256,142.88674721525243,203.5628075219418,206.90203642780256,206.90203642780256,-33.41192967593042,-33.41192967593042,-33.41192967593042,-33.41192967593042,-33.41192967593042,-33.41192967593042,0.0,0.0,0.0,173.49010675187213
48,1953-01-01,209.0750629818148,157.07062077778193,217.9162230618313,209.0750629818148,209.0750629818148,-21.848267030253865,-21.848267030253865,-21.848267030253865,-21.848267030253865,-21.848267030253865,-21.848267030253865,0.0,0.0,0.0,187.22679595156092
49,1953-02-01,211.24808953582706,151.83519770560213,208.26286994585766,211.24808953582706,211.24808953582706,-30.607521655359204,-30.607521655359204,-30.607521655359204,-30.607521655359204,-30.607521655359204,-30.607521655359204,0.0,0.0,0.0,180.64056788046787
50,1953-03-01,213.21082319751554,185.9834032040298,241.2106678440207,213.21082319751554,213.21082319751554,-0.4559487663381511,-0.4559487663381511,-0.4559487663381511,-0.4559487663381511,-0.4559487663381511,-0.4559487663381511,0.0,0.0,0.0,212.7548744311774
51,1953-04-01,215.38384977273606,180.056959089249,239.59206496049055,215.38384977273606,215.38384977273606,-5.160494229938237,-5.160494229938237,-5.160494229938237,-5.160494229938237,-5.160494229938237,-5.160494229938237,0.0,0.0,0.0,210.22335554279783
52,1953-05-01,217.48677871649778,186.78055143958832,241.8417830101635,217.48677871649778,217.48677871649778,-3.807886570377445,-3.807886570377445,-3.807886570377445,-3.807886570377445,-3.807886570377445,-3.807886570377445,0.0,0.0,0.0,213.67889214612035
53,1953-06-01,219.65980529171824,225.89484391742337,285.9348664556551,219.65980529171824,219.65980529171824,33.99178455901617,33.99178455901617,33.99178455901617,33.99178455901617,33.99178455901617,33.99178455901617,0.0,0.0,0.0,253.6515898507344
54,1953-07-01,221.76273423548002,264.4523283623378,319.27726624325015,221.76273423548002,221.76273423548002,70.6531394897759,70.6531394897759,70.6531394897759,70.6531394897759,70.6531394897759,70.6531394897759,0.0,0.0,0.0,292.4158737252559
55,1953-08-01,223.93576081070046,264.76260784447777,321.54947914854455,223.93576081070046,223.93576081070046,67.9585549567028,67.9585549567028,67.9585549567028,67.9585549567028,67.9585549567028,67.9585549567028,0.0,0.0,0.0,291.89431576740327
56,1953-09-01,226.23271012383455,211.8423821190488,273.261111796357,226.23271012383455,226.23271012383455,16.326792575427195,16.326792575427195,16.326792575427195,16.326792575427195,16.326792575427195,16.326792575427195,0.0,0.0,0.0,242.55950269926174
57,1953-10-01,228.45556429783528,174.92019051321154,233.9565233937675,228.45556429783528,228.45556429783528,-21.944252762960172,-21.944252762960172,-21.944252762960172,-21.944252762960172,-21.944252762960172,-21.944252762960172,0.0,0.0,0.0,206.51131153487512
58,1953-11-01,230.75251361096937,143.48476495214044,200.79686545858283,230.75251361096937,230.75251361096937,-58.88731467768793,-58.88731467768793,-58.88731467768793,-58.88731467768793,-58.88731467768793,-58.88731467768793,0.0,0.0,0.0,171.86519893328145
59,1953-12-01,232.97536778497005,171.1772533394707,229.27469316236156,232.97536778497005,232.97536778497005,-32.48238213087421,-32.48238213087421,-32.48238213087421,-32.48238213087421,-32.48238213087421,-32.48238213087421,0.0,0.0,0.0,200.49298565409583
60,1954-01-01,235.46028824222174,181.96842713405687,240.77038655105451,235.46028824222174,235.46028824222174,-22.678866399999723,-22.678866399999723,-22.678866399999723,-22.678866399999723,-22.678866399999723,-22.678866399999723,0.0,0.0,0.0,212.78142184222202
61,1954-02-01,237.94520869947348,176.09007954701053,233.60706533901103,237.94520869947348,237.94520869947348,-31.948954720833257,-31.948954720833257,-31.948954720833257,-31.948954720833257,-31.948954720833257,-31.948954720833257,0.0,0.0,0.0,205.99625397864023
62,1954-03-01,240.18965298344276,212.01306926324224,266.6964859588452,240.18965298344276,240.18965298344276,0.7993127336149278,0.7993127336149278,0.7993127336149278,0.7993127336149278,0.7993127336149278,0.7993127336149278,0.0,0.0,0.0,240.98896571705768
63,1954-04-01,242.67457344069447,208.59254120664852,266.4499639011373,242.67457344069447,242.67457344069447,-6.053802948213406,-6.053802948213406,-6.053802948213406,-6.053802948213406,-6.053802948213406,-6.053802948213406,0.0,0.0,0.0,236.62077049248106
64,1954-05-01,245.07933517351876,212.63424567669955,270.3834643393362,245.07933517351876,245.07933517351876,-3.138414674181377,-3.138414674181377,-3.138414674181377,-3.138414674181377,-3.138414674181377,-3.138414674181377,0.0,0.0,0.0,241.94092049933738
65,1954-06-01,247.80766208182746,251.9951490737918,310.25953542241143,247.80766208182746,247.80766208182746,33.347839311349084,33.347839311349084,33.347839311349084,33.347839311349084,33.347839311349084,33.347839311349084,0.0,0.0,0.0,281.15550139317656
66,1954-07-01,250.44797844470685,292.9319125591031,349.2652839301187,250.44797844470685,250.44797844470685,70.88358918975122,70.88358918975122,70.88358918975122,70.88358918975122,70.88358918975122,70.88358918975122,0.0,0.0,0.0,321.33156763445805
67,1954-08-01,253.17630535301555,290.3000402834402,349.51350156416294,253.17630535301555,253.17630535301555,67.69401034161065,67.69401034161065,67.69401034161065,67.69401034161065,67.69401034161065,67.69401034161065,0.0,0.0,0.0,320.8703156946262
68,1954-09-01,255.90463226132428,244.03110386404597,303.5051641420467,255.90463226132428,255.90463226132428,16.558036595805834,16.558036595805834,16.558036595805834,16.558036595805834,16.558036595805834,16.558036595805834,0.0,0.0,0.0,272.4626688571301
69,1954-10-01,258.76628786731027,206.46152010870486,266.55963231524674,258.76628786731027,258.76628786731027,-22.122040511357778,-22.122040511357778,-22.122040511357778,-22.122040511357778,-22.122040511357778,-22.122040511357778,0.0,0.0,0.0,236.6442473559525
70,1954-11-01,261.72333199349583,175.40662640894118,230.94859146228308,261.72333199349583,261.72333199349583,-58.13193125239901,-58.13193125239901,-58.13193125239901,-58.13193125239901,-58.13193125239901,-58.13193125239901,0.0,0.0,0.0,203.59140074109683
71,1954-12-01,264.58498759948185,205.51927035764453,262.38241952117585,264.58498759948185,264.58498759948185,-31.581977496328157,-31.581977496328157,-31.581977496328157,-31.581977496328157,-31.581977496328157,-31.581977496328157,0.0,0.0,0.0,233.00301010315368
72,1955-01-01,267.5420317256674,215.82496117192557,274.6347025664085,267.5420317256674,267.5420317256674,-23.544817908202425,-23.544817908202425,-23.544817908202425,-23.544817908202425,-23.544817908202425,-23.544817908202425,0.0,0.0,0.0,243.997213817465
73,1955-02-01,270.4990758518529,209.6357777572768,266.7968988915836,270.4990758518529,270.4990758518529,-33.26522332275063,-33.26522332275063,-33.26522332275063,-33.26522332275063,-33.26522332275063,-33.26522332275063,0.0,0.0,0.0,237.2338525291023
74,1955-03-01,273.2947129249766,246.8613325235648,300.9518927541358,273.2947129249766,273.2947129249766,2.0538159108941882,2.0538159108941882,2.0538159108941882,2.0538159108941882,2.0538159108941882,2.0538159108941882,0.0,0.0,0.0,275.34852883587075
75,1955-04-01,276.3898825416493,242.1165718025766,299.6581051240495,276.3898825416493,276.3898825416493,-6.949168283545585,-6.949168283545585,-6.949168283545585,-6.949168283545585,-6.949168283545585,-6.949168283545585,0.0,0.0,0.0,269.4407142581037
76,1955-05-01,279.385207977139,246.99875342567003,305.0643653915426,279.385207977139,279.385207977139,-2.46076100327503,-2.46076100327503,-2.46076100327503,-2.46076100327503,-2.46076100327503,-2.46076100327503,0.0,0.0,0.0,276.92444697386395
77,1955-06-01,282.4803775938116,286.20701482779475,342.2115452344682,282.4803775938116,282.4803775938116,32.69723884311143,32.69723884311143,32.69723884311143,32.69723884311143,32.69723884311143,32.69723884311143,0.0,0.0,0.0,315.1776164369231
78,1955-07-01,285.47570302930137,327.3830835196646,382.6817443067641,285.47570302930137,285.47570302930137,71.10213603137011,71.10213603137011,71.10213603137011,71.10213603137011,71.10213603137011,71.10213603137011,0.0,0.0,0.0,356.57783906067147
79,1955-08-01,288.59309497374977,326.883044589885,383.5628244658428,288.59309497374977,288.59309497374977,67.4160312135871,67.4160312135871,67.4160312135871,67.4160312135871,67.4160312135871,67.4160312135871,0.0,0.0,0.0,356.00912618733685
80,1955-09-01,291.7104869181982,280.48680712564607,336.4256204749337,291.7104869181982,291.7104869181982,16.79493168276071,16.79493168276071,16.79493168276071,16.79493168276071,16.79493168276071,16.79493168276071,0.0,0.0,0.0,308.50541860095893
81,1955-10-01,294.7273178321805,242.5197027756282,300.8202855851969,294.7273178321805,294.7273178321805,-22.281597915369264,-22.281597915369264,-22.281597915369264,-22.281597915369264,-22.281597915369264,-22.281597915369264,0.0,0.0,0.0,272.44571991681124
82,1955-11-01,297.84470977662886,210.67453587584052,266.42451254530033,297.84470977662886,297.84470977662886,-57.349389293771715,-57.349389293771715,-57.349389293771715,-57.349389293771715,-57.349389293771715,-57.349389293771715,0.0,0.0,0.0,240.49532048285715
83,1955-12-01,300.86154068636034,242.72400875127664,296.3928446999313,300.86154068636034,300.86154068636034,-30.711947185920387,-30.711947185920387,-30.711947185920387,-30.711947185920387,-30.711947185920387,-30.711947185920387,0.0,0.0,0.0,270.14959350043995
84,1956-01-01,303.97893262641617,250.84010365227263,308.0603924489191,303.97893262641617,303.97893262641617,-24.445046396829778,-24.445046396829778,-24.445046396829778,-24.445046396829778,-24.445046396829778,-24.445046396829778,0.0,0.0,0.0,279.5338862295864
85,1956-02-01,307.09632456647205,243.0993076044494,299.3113755098535,307.09632456647205,307.09632456647205,-34.55492532815005,-34.55492532815005,-34.55492532815005,-34.55492532815005,-34.55492532815005,-34.55492532815005,0.0,0.0,0.0,272.541399238322
86,1956-03-01,310.0125944458791,277.9507620645919,336.153441432165,310.0125944458791,310.0125944458791,-1.7108037451974527,-1.7108037451974527,-1.7108037451974527,-1.7108037451974527,-1.7108037451974527,-1.7108037451974527,0.0,0.0,0.0,308.30179070068164
87,1956-04-01,313.1299863859349,282.2732244892465,339.47858733214105,313.1299863859349,313.1299863859349,-4.269756698085927,-4.269756698085927,-4.269756698085927,-4.269756698085927,-4.269756698085927,-4.269756698085927,0.0,0.0,0.0,308.86022968784897
88,1956-05-01,316.1468173247693,284.27969693091376,342.52267569103145,316.1468173247693,316.1468173247693,-4.468467850062357,-4.468467850062357,-4.468467850062357,-4.468467850062357,-4.468467850062357,-4.468467850062357,0.0,0.0,0.0,311.6783494747069
89,1956-06-01,319.26420929489825,325.43618198238033,382.9611360444484,319.26420929489825,319.26420929489825,34.62907515023706,34.62907515023706,34.62907515023706,34.62907515023706,34.62907515023706,34.62907515023706,0.0,0.0,0.0,353.8932844451353
90,1956-07-01,322.2810402337327,365.54204611630144,420.56821866588575,322.2810402337327,322.2810402337327,70.4110303576367,70.4110303576367,70.4110303576367,70.4110303576367,70.4110303576367,70.4110303576367,0.0,0.0,0.0,392.69207059136943
91,1956-08-01,325.39843220386155,362.1243158041589,423.8444661256466,325.39843220386155,325.39843220386155,68.2090694504747,68.2090694504747,68.2090694504747,68.2090694504747,68.2090694504747,68.2090694504747,0.0,0.0,0.0,393.60750165433626
92,1956-09-01,328.5158241732647,316.02334363734946,373.8561831207236,328.5158241732647,328.5158241732647,16.100698705949956,16.100698705949956,16.100698705949956,16.100698705949956,16.100698705949956,16.100698705949956,0.0,0.0,0.0,344.6165228792147
93,1956-10-01,331.5326551113967,280.78188158656343,336.3272460178891,331.5326551113967,331.5326551113967,-21.74864092968083,-21.74864092968083,-21.74864092968083,-21.74864092968083,-21.74864092968083,-21.74864092968083,0.0,0.0,0.0,309.78401418171586
94,1956-11-01,334.6500470807997,245.78561366935503,303.30992251367996,334.6500470807997,334.6500470807997,-59.614494912024306,-59.614494912024306,-59.614494912024306,-59.614494912024306,-59.614494912024306,-59.614494912024306,0.0,0.0,0.0,275.0355521687754
95,1956-12-01,337.66687801893175,274.3402095591755,335.28774312879256,337.66687801893175,337.66687801893175,-33.41192967592926,-33.41192967592926,-33.41192967592926,-33.41192967592926,-33.41192967592926,-33.41192967592926,0.0,0.0,0.0,304.2549483430025
96,1957-01-01,340.78426998833487,289.9777535270367,343.5468677372391,340.78426998833487,340.78426998833487,-21.848267030253513,-21.848267030253513,-21.848267030253513,-21.848267030253513,-21.848267030253513,-21.848267030253513,0.0,0.0,0.0,318.93600295808136
97,1957-02-01,343.9016619796875,285.28789097333026,341.89193858118733,343.9016619796875,343.9016619796875,-30.607521655361356,-30.607521655361356,-30.607521655361356,-30.607521655361356,-30.607521655361356,-30.607521655361356,0.0,0.0,0.0,313.2941403243261
98,1957-03-01,346.7173708751027,316.0691457552653,375.9517367529475,346.7173708751027,346.7173708751027,-0.4559487663368434,-0.4559487663368434,-0.4559487663368434,-0.4559487663368434,-0.4559487663368434,-0.4559487663368434,0.0,0.0,0.0,346.2614221087658
99,1957-04-01,349.8347628664553,314.4389151104442,372.85255288276835,349.8347628664553,349.8347628664553,-5.160494229939315,-5.160494229939315,-5.160494229939315,-5.160494229939315,-5.160494229939315,-5.160494229939315,0.0,0.0,0.0,344.674268636516
100,1957-05-01,352.85159382582884,321.47657575229255,379.09679440828756,352.85159382582884,352.85159382582884,-3.807886570376755,-3.807886570376755,-3.807886570376755,-3.807886570376755,-3.807886570376755,-3.807886570376755,0.0,0.0,0.0,349.0437072554521
101,1957-06-01,355.9689857929007,359.54484600800936,418.7485611216509,355.9689857929007,355.9689857929007,33.99178455901744,33.99178455901744,33.99178455901744,33.99178455901744,33.99178455901744,33.99178455901744,0.0,0.0,0.0,389.96077035191814
102,1957-07-01,358.9858167287767,399.6722505665971,458.4747136608315,358.9858167287767,358.9858167287767,70.65313948977722,70.65313948977722,70.65313948977722,70.65313948977722,70.65313948977722,70.65313948977722,0.0,0.0,0.0,429.6389562185539
103,1957-08-01,362.10320869584865,399.258813385301,459.10704932624526,362.10320869584865,362.10320869584865,67.95855495670378,67.95855495670378,67.95855495670378,67.95855495670378,67.95855495670378,67.95855495670378,0.0,0.0,0.0,430.06176365255243
104,1957-09-01,365.2206006629204,355.48370008132815,409.7290923524422,365.2206006629204,365.2206006629204,16.32679257542736,16.32679257542736,16.32679257542736,16.32679257542736,16.32679257542736,16.32679257542736,0.0,0.0,0.0,381.54739323834775
105,1957-10-01,368.23743159879643,317.3443921784564,377.0498288860723,368.23743159879643,368.23743159879643,-21.944252762959877,-21.944252762959877,-21.944252762959877,-21.944252762959877,-21.944252762959877,-21.944252762959877,0.0,0.0,0.0,346.29317883583656
106,1957-11-01,371.35482358776875,285.26117001105587,341.2602562844804,371.35482358776875,371.35482358776875,-58.88731467768742,-58.88731467768742,-58.88731467768742,-58.88731467768742,-58.88731467768742,-58.88731467768742,0.0,0.0,0.0,312.46750891008134
107,1957-12-01,374.3716545448388,312.3464223589186,371.41779750995534,374.3716545448388,374.3716545448388,-32.482382130874896,-32.482382130874896,-32.482382130874896,-32.482382130874896,-32.482382130874896,-32.482382130874896,0.0,0.0,0.0,341.8892724139639
108,1958-01-01,377.48904653381106,326.69445906424824,384.4331140078193,377.48904653381106,377.48904653381106,-22.67886639999943,-22.67886639999943,-22.67886639999943,-22.67886639999943,-22.67886639999943,-22.67886639999943,0.0,0.0,0.0,354.8101801338116
109,1958-02-01,380.60643852278344,319.1187588459694,375.97610180299336,380.60643852278344,380.60643852278344,-31.948954720832358,-31.948954720832358,-31.948954720832358,-31.948954720832358,-31.948954720832358,-31.948954720832358,0.0,0.0,0.0,348.65748380195106
110,1958-03-01,383.4221492199213,352.0171934202207,414.2634356211289,383.4221492199213,383.4221492199213,0.7993127336174461,0.7993127336174461,0.7993127336174461,0.7993127336174461,0.7993127336174461,0.7993127336174461,0.0,0.0,0.0,384.2214619535388
111,1958-04-01,386.53954320603833,353.2461904023046,408.969088084611,386.53954320603833,386.53954320603833,-6.053802948215042,-6.053802948215042,-6.053802948215042,-6.053802948215042,-6.053802948215042,-6.053802948215042,0.0,0.0,0.0,380.4857402578233
112,1958-05-01,389.5563760958289,358.1495361406107,415.89031235017654,389.5563760958289,389.5563760958289,-3.1384146741790633,-3.1384146741790633,-3.1384146741790633,-3.1384146741790633,-3.1384146741790633,-3.1384146741790633,0.0,0.0,0.0,386.41796142164986
113,1958-06-01,392.6737700819459,397.8931364543157,453.1057296144739,392.6737700819459,392.6737700819459,33.347839311347116,33.347839311347116,33.347839311347116,33.347839311347116,33.347839311347116,33.347839311347116,0.0,0.0,0.0,426.02160939329303
114,1958-07-01,395.6906029717365,438.3285533889004,493.59484710150906,395.6906029717365,395.6906029717365,70.8835891897509,70.8835891897509,70.8835891897509,70.8835891897509,70.8835891897509,70.8835891897509,0.0,0.0,0.0,466.5741921614874
115,1958-08-01,398.8079976302645,438.8196782686029,494.4179332373568,398.8079976302645,398.8079976302645,67.69401034160927,67.69401034160927,67.69401034160927,67.69401034160927,67.69401034160927,67.69401034160927,0.0,0.0,0.0,466.50200797187375
116,1958-09-01,401.92539228879247,390.2873689761845,446.0780491265602,401.92539228879247,401.92539228879247,16.558036595803394,16.558036595803394,16.558036595803394,16.558036595803394,16.558036595803394,16.558036595803394,0.0,0.0,0.0,418.48342888459587
117,1958-10-01,404.9422258293034,353.4250668913763,411.83519805938823,404.9422258293034,404.9422258293034,-22.122040511358026,-22.122040511358026,-22.122040511358026,-22.122040511358026,-22.122040511358026,-22.122040511358026,0.0,0.0,0.0,382.8201853179454
118,1958-11-01,408.05962048783147,320.72878579415527,379.807878345108,408.05962048783147,408.05962048783147,-58.13193125239824,-58.13193125239824,-58.13193125239824,-58.13193125239824,-58.13193125239824,-58.13193125239824,0.0,0.0,0.0,349.9276892354332
119,1958-12-01,411.07645402834237,350.5506398252591,409.11331564126397,411.07645402834237,411.07645402834237,-31.581977496327315,-31.581977496327315,-31.581977496327315,-31.581977496327315,-31.581977496327315,-31.581977496327315,0.0,0.0,0.0,379.494476532015
120,1959-01-01,414.19384868687035,360.159667750667,419.6087871702834,414.19384868687035,414.19384868687035,-23.544817908201736,-23.544817908201736,-23.544817908201736,-23.544817908201736,-23.544817908201736,-23.544817908201736,0.0,0.0,0.0,390.6490307786686
121,1959-02-01,417.31124334539845,356.34583031148935,413.5459810113699,417.31124334539845,417.31124334539845,-33.265223322752355,-33.265223322752355,-33.265223322752355,-33.265223322752355,-33.265223322752355,-33.265223322752355,0.0,0.0,0.0,384.0460200226461
122,1959-03-01,420.1269546498753,395.00800646022674,449.9558895833172,420.1269546498753,420.1269546498753,2.053815910893271,2.053815910893271,2.053815910893271,2.053815910893271,2.053815910893271,2.053815910893271,0.0,0.0,0.0,422.18077056076856
123,1959-04-01,423.2443493084033,386.2911522536391,444.18342571624385,423.2443493084033,423.2443493084033,-6.949168283545345,-6.949168283545345,-6.949168283545345,-6.949168283545345,-6.949168283545345,-6.949168283545345,0.0,0.0,0.0,416.2951810248579
124,1959-05-01,426.26118284891425,395.6666887045731,453.3340951082816,426.26118284891425,426.26118284891425,-2.460761003274901,-2.460761003274901,-2.460761003274901,-2.460761003274901,-2.460761003274901,-2.460761003274901,0.0,0.0,0.0,423.80042184563933
125,1959-06-01,429.37857750744223,434.87258080701434,492.4460441724122,429.37857750744223,429.37857750744223,32.697238843110824,32.697238843110824,32.697238843110824,32.697238843110824,32.697238843110824,32.697238843110824,0.0,0.0,0.0,462.07581635055305
126,1959-07-01,432.39541104795325,474.21709266484737,530.7398057486041,432.39541104795325,432.39541104795325,71.10213603136985,71.10213603136985,71.10213603136985,71.10213603136985,71.10213603136985,71.10213603136985,0.0,0.0,0.0,503.4975470793231
127,1959-08-01,435.51280570648123,475.10969590769326,531.1494068091764,435.51280570648123,435.51280570648123,67.41603121358699,67.41603121358699,67.41603121358699,67.41603121358699,67.41603121358699,67.41603121358699,0.0,0.0,0.0,502.9288369200682
128,1959-09-01,438.6302003650092,425.1035419597916,488.38281290699604,438.6302003650092,438.6302003650092,16.79493168276095,16.79493168276095,16.79493168276095,16.79493168276095,16.79493168276095,16.79493168276095,0.0,0.0,0.0,455.42513204777015
129,1959-10-01,441.6470339055201,391.96710445909025,449.50103523087546,441.6470339055201,441.6470339055201,-22.281597915370043,-22.281597915370043,-22.281597915370043,-22.281597915370043,-22.281597915370043,-22.281597915370043,0.0,0.0,0.0,419.3654359901501
130,1959-11-01,444.7644285640482,358.80009017665765,420.1149257076812,444.7644285640482,444.7644285640482,-57.349389293772624,-57.349389293772624,-57.349389293772624,-57.349389293772624,-57.349389293772624,-57.349389293772624,0.0,0.0,0.0,387.4150392702756
131,1959-12-01,447.7812621045591,389.3460807607853,444.3088444605782,447.7812621045591,447.7812621045591,-30.71194718591775,-30.71194718591775,-30.71194718591775,-30.71194718591775,-30.71194718591775,-30.71194718591775,0.0,0.0,0.0,417.06931491864134
132,1960-01-01,450.8986567630871,397.57206152334123,455.2779357254172,450.8986567630871,450.8986567630871,-24.445046396831422,-24.445046396831422,-24.445046396831422,-24.445046396831422,-24.445046396831422,-24.445046396831422,0.0,0.0,0.0,426.4536103662557
133,1960-02-01,454.01605142161515,390.4614688683143,450.04257848169607,454.01605142161515,454.01605142161515,-34.55492532814946,-34.55492532814946,-34.55492532814946,-34.55492532814946,-34.55492532814946,-34.55492532814946,0.0,0.0,0.0,419.4611260934657
134,1960-03-01,456.932323844109,423.79635528326446,483.29741990351545,456.932323844109,456.932323844109,-1.710803745200572,-1.710803745200572,-1.710803745200572,-1.710803745200572,-1.710803745200572,-1.710803745200572,0.0,0.0,0.0,455.22152009890846
135,1960-04-01,460.04971850263706,426.61024633540853,484.24731293729076,460.04971850263706,460.04971850263706,-4.2697566980835,-4.2697566980835,-4.2697566980835,-4.2697566980835,-4.2697566980835,-4.2697566980835,0.0,0.0,0.0,455.7799618045536
136,1960-05-01,463.06655204314796,430.2819590029907,486.709152857663,463.06655204314796,463.06655204314796,-4.468467850060225,-4.468467850060225,-4.468467850060225,-4.468467850060225,-4.468467850060225,-4.468467850060225,0.0,0.0,0.0,458.59808419308774
137,1960-06-01,466.18394670167606,472.3431348528493,529.948594096708,466.18394670167606,466.18394670167606,34.6290751502382,34.6290751502382,34.6290751502382,34.6290751502382,34.6290751502382,34.6290751502382,0.0,0.0,0.0,500.81302185191424
138,1960-07-01,469.20078024218697,510.99782199428194,568.5598139337338,469.20078024218697,469.20078024218697,70.41103035763606,70.41103035763606,70.41103035763606,70.41103035763606,70.41103035763606,70.41103035763606,0.0,0.0,0.0,539.611810599823
139,1960-08-01,472.31817490071495,513.1339090520132,567.3076314816192,472.31817490071495,472.31817490071495,68.20906945047528,68.20906945047528,68.20906945047528,68.20906945047528,68.20906945047528,68.20906945047528,0.0,0.0,0.0,540.5272443511902
140,1960-09-01,475.435569559243,461.8502134409667,520.8042130283501,475.435569559243,475.435569559243,16.100698705950784,16.100698705950784,16.100698705950784,16.100698705950784,16.100698705950784,16.100698705950784,0.0,0.0,0.0,491.53626826519377
141,1960-10-01,478.4524030997539,430.17504195937664,486.4449522496961,478.4524030997539,478.4524030997539,-21.748640929679716,-21.748640929679716,-21.748640929679716,-21.748640929679716,-21.748640929679716,-21.748640929679716,0.0,0.0,0.0,456.7037621700742
142,1960-11-01,481.569797758282,393.1732175594955,448.9971793309303,481.569797758282,481.569797758282,-59.614494912024334,-59.614494912024334,-59.614494912024334,-59.614494912024334,-59.614494912024334,-59.614494912024334,0.0,0.0,0.0,421.95530284625767
143,1960-12-01,484.5866312987929,423.19003581248234,478.96257320357074,484.5866312987929,484.5866312987929,-33.41192967592905,-33.41192967592905,-33.41192967592905,-33.41192967592905,-33.41192967592905,-33.41192967592905,0.0,0.0,0.0,451.17470162286384
144,1960-12-31,487.6034648393038,433.5176370321791,491.37302389426407,487.6034648393038,487.6034648393038,-25.378421520092246,-25.378421520092246,-25.378421520092246,-25.378421520092246,-25.378421520092246,-25.378421520092246,0.0,0.0,0.0,462.2250433192115
145,1961-01-31,490.7208594978318,425.45654940502163,485.1811480224311,490.70380920236823,490.73616440891027,-35.816693410324184,-35.816693410324184,-35.816693410324184,-35.816693410324184,-35.816693410324184,-35.816693410324184,0.0,0.0,0.0,454.9041660875076
146,1961-02-28,493.5365708023088,470.81559399033523,527.977962770793,493.4986950076581,493.5758307009161,4.555827592665946,4.555827592665946,4.555827592665946,4.555827592665946,4.555827592665946,4.555827592665946,0.0,0.0,0.0,498.09239839497474
147,1961-03-31,496.65396546083673,457.7732353982339,515.6622218338498,496.5734351346359,496.72826061794984,-8.744006083664184,-8.744006083664184,-8.744006083664184,-8.744006083664184,-8.744006083664184,-8.744006083664184,0.0,0.0,0.0,487.9099593771725
148,1961-04-30,499.67079900134775,470.5722097775021,528.2919751943923,499.5517643814546,499.7884083028234,-1.0837838156792297,-1.0837838156792297,-1.0837838156792297,-1.0837838156792297,-1.0837838156792297,-1.0837838156792297,0.0,0.0,0.0,498.5870151856685
149,1961-05-31,502.78819365987573,505.03093183309477,561.7914706979946,502.6304682810281,502.94999279216165,31.37613158310261,31.37613158310261,31.37613158310261,31.37613158310261,31.37613158310261,31.37613158310261,0.0,0.0,0.0,534.1643252429783
150,1961-06-30,505.8050272003867,546.9183637090298,604.4665733791298,505.59446001213206,506.0305824394592,71.50264009461686,71.50264009461686,71.50264009461686,71.50264009461686,71.50264009461686,71.50264009461686,0.0,0.0,0.0,577.3076672950035
151,1961-07-31,508.9224218589147,546.9905362206752,605.602941130495,508.6512140235133,509.2148051539002,66.8222375665468,66.8222375665468,66.8222375665468,66.8222375665468,66.8222375665468,66.8222375665468,0.0,0.0,0.0,575.7446594254615
152,1961-08-31,512.0398165174427,499.95259321843105,558.5525816354577,511.6913569409059,512.3938570696791,17.287629691241712,17.287629691241712,17.287629691241712,17.287629691241712,17.287629691241712,17.287629691241712,0.0,0.0,0.0,529.3274462086844
153,1961-09-30,515.0566500579536,463.98040126392647,520.1050511222757,514.6397182499735,515.4698883320175,-22.54457623328422,-22.54457623328422,-22.54457623328422,-22.54457623328422,-22.54457623328422,-22.54457623328422,0.0,0.0,0.0,492.51207382466936
154,1961-10-31,518.1740447164816,434.7953365001344,492.75741911130933,517.6925724633221,518.6628832631928,-55.70718632898924,-55.70718632898924,-55.70718632898924,-55.70718632898924,-55.70718632898924,-55.70718632898924,0.0,0.0,0.0,462.4668583874924
155,1961-11-30,521.1908782569926,465.2260505458961,523.0623737659407,520.6276172918268,521.7498018303754,-29.06768126502385,-29.06768126502385,-29.06768126502385,-29.06768126502385,-29.06768126502385,-29.06768126502385,0.0,0.0,0.0,492.12319699196877
